,City,Country,Lat,Lng,Max Temp,Humidity,Cloudiness,Wind Speed,Current Description
0,Avarua,CK,-21.2078,-159.775,81.27,78,76,13.2,light rain
1,Ushuaia,AR,-54.8,-68.3,42.46,75,40,24.16,scattered clouds
2,Vestmannaeyjar,IS,63.4427,-20.2734,46.53,81,100,2.19,overcast clouds
3,Tacuarembo,UY,-31.7333,-55.9833,58.32,87,100,3.87,overcast clouds
4,Atuona,PF,-9.8,-139.0333,78.98,76,21,20.83,few clouds
5,Yellowknife,CA,62.456,-114.3525,27.12,63,100,19.57,overcast clouds
6,Wajima,JP,37.4,136.9,57.6,59,3,12.48,clear sky
7,Barrow,US,71.2906,-156.7887,30.22,86,100,14.97,overcast clouds
8,Bluff,NZ,-46.6,168.3333,51.8,67,76,4.56,broken clouds
9,Bogorodskoye,RU,56.55,37.8833,34.61,89,66,7.67,broken clouds
10,Caravelas,BR,-17.7125,-39.2481,72.25,83,15,11.36,few clouds
11,Bloomingdale,US,27.8936,-82.2404,88.11,59,0,11.5,clear sky
12,Bredasdorp,ZA,-34.5322,20.0403,52.9,83,77,3.94,broken clouds
13,New Norfolk,AU,-42.7826,147.0587,45.91,82,37,3.22,scattered clouds
14,Gorin,RU,51.1983,136.6669,48.81,55,8,0.43,clear sky
15,Punta Arenas,CL,-53.15,-70.9167,42.91,81,20,5.75,few clouds
16,Axim,GH,4.8699,-2.2405,80.74,82,100,6.67,overcast clouds
17,Cruzeiro Do Sul,BR,-29.5128,-51.9853,59.38,92,1,0.63,clear sky
18,Castro,BR,-24.7911,-50.0119,58.62,86,80,5.03,broken clouds
19,Fort Nelson,CA,58.8053,-122.7002,36.99,65,75,13.8,broken clouds
20,Severo-Kurilsk,RU,50.6789,156.125,38.12,94,88,16.04,light rain
21,Rikitea,PF,-23.1203,-134.9692,76.14,70,12,9.46,few clouds
22,Santa Rosa,PH,14.3122,121.1114,84.02,71,36,8.43,scattered clouds
23,Camacha,PT,33.0833,-16.3333,62.02,82,20,12.66,few clouds
24,Teahupoo,PF,-17.8333,-149.2667,80.56,76,41,12.84,scattered clouds
25,Abu Dhabi,AE,24.4667,54.3667,82.51,51,0,10.36,clear sky
26,Jamestown,US,42.097,-79.2353,73.04,16,0,4.61,clear sky
27,Puerto Ayora,EC,-0.7393,-90.3518,80.56,79,55,7.76,broken clouds
28,Arona,ES,28.0996,-16.681,66.02,83,0,1.14,clear sky
29,Marsaxlokk,MT,35.8419,14.5431,61.09,94,20,4.61,few clouds
30,Nuuk,GL,64.1835,-51.7216,32.61,80,100,27.63,light snow
31,Bambous Virieux,MU,-20.3428,57.7575,73.65,100,40,4.61,light rain
32,Prince Rupert,CA,54.3161,-130.3201,50.09,83,100,6.91,overcast clouds
33,Chilliwack,CA,49.1747,-121.9443,57.18,70,100,2.3,overcast clouds
34,Busselton,AU,-33.65,115.3333,55.09,89,15,3.38,few clouds
35,Nikolskoye,RU,59.7035,30.7861,40.71,79,10,4.36,clear sky
36,Timra,SE,62.487,17.3257,37.08,87,20,2.3,few clouds
37,Avera,US,33.194,-82.5271,73.54,48,1,5.73,clear sky
38,Chokurdakh,RU,70.6333,147.9167,22.89,94,100,15.84,light snow
39,Banjar,ID,-8.19,114.9675,79.12,90,33,3.11,scattered clouds
40,Dingle,PH,10.9995,122.6711,79.39,84,100,6.93,overcast clouds
41,Touros,BR,-5.1989,-35.4608,77.18,87,29,13.96,scattered clouds
42,Bantry,IE,51.6833,-9.45,53.78,87,100,14.79,overcast clouds
43,Kaitangata,NZ,-46.2817,169.8464,49.32,76,54,3.91,broken clouds
44,Vila,PT,42.0304,-8.1588,54.7,67,85,1.95,overcast clouds
45,Yar-Sale,RU,66.8333,70.8333,32.9,99,100,4.38,overcast clouds
46,Makakilo City,US,21.3469,-158.0858,82.72,52,75,16.11,broken clouds
47,Beruwala,LK,6.4788,79.9828,81.63,84,100,12.01,light rain
48,Cherskiy,RU,68.75,161.3,35.69,80,100,19.93,overcast clouds
49,Mataura,NZ,-46.1927,168.8643,51.48,88,97,1.61,overcast clouds
50,Salta,AR,-24.7859,-65.4117,64.99,67,20,11.5,few clouds
51,Cape Town,ZA,-33.9258,18.4232,54.12,93,0,4.61,clear sky
52,Svencioneliai,LT,55.1667,26.0,37.06,66,18,2.66,few clouds
53,Tasiilaq,GL,65.6145,-37.6368,33.96,69,96,3.09,overcast clouds
54,Lumphat,KH,13.4878,106.9816,75.15,95,98,2.35,overcast clouds
55,Luderitz,NA,-26.6481,15.1594,60.31,55,20,5.03,few clouds
56,Laguna,US,38.421,-121.4238,66.02,32,75,12.66,broken clouds
57,Butaritari,KI,3.0707,172.7902,81.34,75,43,19.8,scattered clouds
58,Juneau,US,58.3019,-134.4197,62.6,25,20,13.8,few clouds
59,Tashtyp,RU,52.7939,89.8983,34.16,52,79,1.03,broken clouds
60,Guerrero Negro,MX,27.9769,-114.0611,64.99,58,0,22.79,clear sky
61,Pisco,PE,-13.7,-76.2167,68.05,73,0,20.71,clear sky
62,Sao Lourenco Do Oeste,BR,-26.3592,-52.8511,56.88,87,37,2.28,scattered clouds
63,Mount Gambier,AU,-37.8333,140.7667,37.31,93,15,5.75,few clouds
64,Ponta Do Sol,PT,32.6667,-17.1,74.03,36,40,6.02,scattered clouds
65,Dikson,RU,73.5069,80.5464,10.36,91,37,12.68,scattered clouds
66,Kalevala,RU,65.2,31.1667,38.5,82,81,9.42,broken clouds
67,Jinotepe,NI,11.8496,-86.199,81.91,68,98,3.09,overcast clouds
68,Sudak,UA,44.85,34.9667,54.34,69,31,5.66,scattered clouds
69,Oksbol,DK,55.6268,8.2876,53.91,78,100,12.64,overcast clouds
70,Tambura,SS,5.6,27.4667,69.58,92,99,3.33,overcast clouds
71,Naze,JP,28.3667,129.4833,70.72,89,100,3.22,overcast clouds
72,Lodja,CD,-3.4833,23.4333,70.66,90,84,1.79,light rain
73,Bandar-E Lengeh,IR,26.5579,54.8807,80.64,36,0,8.55,clear sky
74,Yulara,AU,-25.2406,130.9889,48.04,57,0,6.91,clear sky
75,Tacuati,PY,-23.45,-56.5833,73.22,67,33,5.68,scattered clouds
76,Henderson,US,36.0397,-114.9819,78.84,14,0,26.46,clear sky
77,Iqaluit,CA,63.7506,-68.5145,33.53,80,75,4.61,broken clouds
78,Portland,US,45.5234,-122.6762,56.61,67,100,14.0,overcast clouds
79,San Patricio,US,28.017,-97.5169,91.49,61,2,19.57,clear sky
80,Hobart,AU,-42.8794,147.3294,46.26,87,0,10.36,clear sky
81,Mateszalka,HU,47.9553,22.3235,51.33,85,1,7.16,clear sky
82,Kapaa,US,22.0752,-159.319,82.38,76,40,13.8,scattered clouds
83,Pevek,RU,69.7008,170.3133,31.6,77,99,9.28,overcast clouds
84,Suntar,RU,62.1444,117.6319,29.07,70,37,6.89,scattered clouds
85,Albany,US,42.6001,-73.9662,72.01,43,1,6.44,clear sky
86,Tomatlan,MX,19.9333,-105.25,86.77,51,6,9.55,clear sky
87,Salalah,OM,17.0151,54.0924,82.49,74,0,4.61,clear sky
88,San Cristobal,VE,7.7669,-72.225,77.18,93,95,3.33,overcast clouds
89,Carnarvon,AU,-24.8667,113.6333,66.27,63,92,5.75,overcast clouds
90,Klaksvik,FO,62.2266,-6.589,47.32,99,95,10.85,overcast clouds
91,East London,ZA,-33.0153,27.9116,62.11,69,6,5.01,clear sky
92,Ixtapa,MX,20.7,-105.2,79.83,74,0,13.8,clear sky
93,Khatanga,RU,71.9667,102.5,33.48,99,100,17.2,overcast clouds
94,Saldanha,ZA,-33.0117,17.9442,50.05,83,88,5.59,overcast clouds
95,Saint Anthony,US,45.0205,-93.218,84.25,68,75,27.63,broken clouds
96,Nautla,MX,20.2167,-96.7833,87.24,69,9,15.61,clear sky
97,Flin Flon,CA,54.7682,-101.865,64.24,32,75,4.61,broken clouds
98,Koslan,RU,63.4564,48.8989,31.19,90,100,5.79,overcast clouds
99,Igboho,NG,8.8333,3.75,72.21,96,100,6.15,heavy intensity rain
100,Cayenne,GF,4.9333,-52.3333,81.09,1,40,5.99,scattered clouds
101,Naliya,IN,23.2667,68.8333,79.72,81,3,10.09,clear sky
102,Mar Del Plata,AR,-38.0023,-57.5575,54.95,80,75,11.01,broken clouds
103,Georgetown,MY,5.4112,100.3354,82.33,94,20,3.44,few clouds
104,Trelew,AR,-43.249,-65.3051,57.74,33,59,3.83,broken clouds
105,Husavik,IS,66.0449,-17.3389,37.33,97,100,10.36,overcast clouds
106,Sakakah,SA,29.9697,40.2064,74.77,16,45,13.87,scattered clouds
107,Port Elizabeth,ZA,-33.918,25.5701,55.69,95,0,4.61,clear sky
108,Sibu,MY,2.3,111.8167,75.51,100,40,0.0,scattered clouds
109,Kahului,US,20.8947,-156.47,89.62,40,20,27.63,few clouds
110,Comodoro Rivadavia,AR,-45.8667,-67.5,49.86,50,0,5.75,clear sky
111,Vondrozo,MG,-22.8167,47.2833,61.52,93,1,4.9,clear sky
112,Tual,ID,-5.6667,132.75,83.28,75,91,1.19,overcast clouds
113,Danielskuil,ZA,-28.1887,23.5395,50.5,52,1,3.98,clear sky
114,Arraial Do Cabo,BR,-22.9661,-42.0278,73.26,64,20,6.91,few clouds
115,Mpika,ZM,-11.8343,31.4529,58.39,82,12,3.74,few clouds
116,Talnakh,RU,69.4865,88.3972,36.21,98,100,12.03,light rain
117,Yuzhno-Kurilsk,RU,44.0306,145.8556,48.69,59,89,4.83,overcast clouds
118,Sabha,LY,27.0377,14.4283,75.42,19,59,10.92,broken clouds
119,Quelimane,MZ,-17.8786,36.8883,71.55,94,0,0.0,clear sky
120,Sorsk,RU,54.0033,90.2467,30.43,47,6,3.74,clear sky
121,Gorele,TR,41.0308,39.0031,52.16,75,81,4.76,broken clouds
122,Lebu,CL,-37.6167,-73.65,52.48,90,91,13.0,overcast clouds
123,Qaanaaq,GL,77.484,-69.3632,17.56,73,30,4.74,scattered clouds
124,Isla Mujeres,MX,21.2311,-86.731,84.25,75,3,12.75,clear sky
125,Te Anau,NZ,-45.4167,167.7167,49.62,76,29,2.19,scattered clouds
126,Linxia,CN,35.6003,103.2064,55.49,44,85,2.44,overcast clouds
127,Lata,PT,40.1629,-8.3327,55.78,79,91,1.74,overcast clouds
128,Sobolevo,RU,54.4299,31.8996,35.56,72,61,6.53,broken clouds
129,Lamar,US,33.6668,-95.5836,89.98,68,30,14.32,scattered clouds
130,Mahebourg,MU,-20.4081,57.7,73.69,100,40,4.61,scattered clouds
131,Isangel,VU,-19.55,169.2667,77.11,69,75,6.91,volcanic ash
132,Nurota,UZ,40.5614,65.6886,64.8,62,100,7.7,moderate rain
133,Akdepe,TM,42.0551,59.3788,55.49,64,18,15.37,few clouds
134,Flinders,AU,-34.5833,150.8552,60.19,94,90,1.99,light rain
135,Ilulissat,GL,69.2167,-51.1,28.42,86,75,21.85,light snow
136,Sterling,US,39.0062,-77.4286,71.58,26,0,10.36,clear sky
137,Lorengau,PG,-2.0226,147.2712,84.92,68,81,11.45,broken clouds
138,Buchanan,LR,5.8808,-10.0467,79.45,83,45,4.09,scattered clouds
139,Omis,HR,43.4447,16.6886,66.13,77,75,5.08,light rain
140,Mozarlandia,BR,-14.7447,-50.5706,80.65,47,46,3.22,scattered clouds
141,Fortuna,US,40.5982,-124.1573,54.86,86,100,5.75,overcast clouds
142,Oyama,JP,36.3,139.8,56.59,67,63,4.5,broken clouds
143,Plymouth,US,41.8334,-70.8328,54.18,49,0,17.27,clear sky
144,Sarangani,PH,5.4033,125.4636,82.17,81,91,22.21,heavy intensity rain
145,Gornyy,RU,55.1153,83.9059,37.02,50,0,4.99,clear sky
146,Wennigsen,DE,52.274,9.5729,60.51,72,41,6.87,scattered clouds
147,Alyangula,AU,-13.8483,136.4192,76.87,94,75,0.0,broken clouds
148,Goderich,CA,43.7501,-81.7165,71.92,20,32,13.8,scattered clouds
149,Brisbane,AU,-27.4679,153.0281,68.83,92,100,8.05,moderate rain
150,Hithadhoo,MV,-0.6,73.0833,84.56,77,71,20.94,broken clouds
151,Airai,TL,-8.9266,125.4092,61.83,69,99,2.64,overcast clouds
152,Saint-Philippe,RE,-21.3585,55.7679,71.19,77,10,6.2,clear sky
153,Southbridge,US,42.0751,-72.0334,58.37,24,1,5.99,clear sky
154,Hermanus,ZA,-34.4187,19.2345,57.11,69,86,3.42,overcast clouds
155,Conde,BR,-7.2597,-34.9075,76.46,88,75,6.91,broken clouds
156,Kavieng,PG,-2.5744,150.7967,84.83,70,98,18.97,overcast clouds
157,Richards Bay,ZA,-28.783,32.0377,62.65,90,5,7.09,clear sky
158,Bubaque,GW,11.2833,-15.8333,77.7,83,56,5.61,light rain
159,Cidreira,BR,-30.1811,-50.2056,67.66,81,0,14.14,clear sky
160,Hasaki,JP,35.7333,140.8333,57.29,71,100,17.92,overcast clouds
161,Hay River,CA,60.8156,-115.7999,24.78,80,100,10.36,light snow
162,Katsuura,JP,35.1333,140.3,58.8,81,100,16.73,light rain
163,Zapolyarnyy,RU,69.4154,30.8136,34.88,98,100,15.23,light snow
164,Port Alfred,ZA,-33.5906,26.891,61.68,79,10,6.62,clear sky
165,Tokur,RU,53.1333,132.9,47.52,65,54,4.38,broken clouds
166,Tevaitoa,PF,-16.7833,-151.5,81.64,76,12,13.13,light rain
167,Nelson Bay,AU,-32.7167,152.15,64.99,94,84,1.01,broken clouds
168,Bonavista,CA,48.6499,-53.1147,35.28,64,3,4.94,clear sky
169,Lompoc,US,34.6391,-120.4579,69.57,51,0,32.01,clear sky
170,Acarau,BR,-2.8856,-40.12,76.19,93,100,6.42,overcast clouds
171,Vincennes,FR,48.85,2.4333,66.76,67,0,4.61,clear sky
172,Bethel,US,41.3712,-73.414,70.65,13,0,20.71,clear sky
173,Victoria,HK,22.2855,114.1577,77.32,93,100,4.0,moderate rain
174,Del Rio,US,29.3627,-100.8968,98.62,49,0,11.5,clear sky
175,Sagua La Grande,CU,22.8067,-80.0756,76.19,71,25,7.29,scattered clouds
176,Tuatapere,NZ,-46.1333,167.6833,50.31,77,76,3.51,broken clouds
177,Kavaratti,IN,10.5669,72.642,85.19,73,100,21.36,overcast clouds
178,Nampula,MZ,-15.1165,39.2666,66.15,88,0,5.75,clear sky
179,Argentan,FR,48.75,-0.0167,58.01,73,100,6.33,overcast clouds
180,Marienburg,PL,54.0359,19.0266,46.89,69,39,5.95,scattered clouds
181,Inta,RU,66.0317,60.1659,27.63,97,100,8.34,light snow
182,Takoradi,GH,4.8845,-1.7554,80.37,83,97,7.4,overcast clouds
183,Marysville,US,48.0518,-122.1771,59.38,62,100,5.99,overcast clouds
184,Codrington,AU,-38.2667,141.9667,49.95,76,11,5.95,few clouds
185,Lagoa,PT,39.05,-27.9833,62.46,85,74,1.74,broken clouds
186,Vaini,TO,-21.2,-175.2,78.96,53,40,11.99,scattered clouds
187,Kuminskiy,RU,58.6667,66.5667,47.8,61,26,3.4,scattered clouds
188,Elban,RU,50.1018,136.5094,53.17,57,4,2.1,clear sky
189,Palembang,ID,-2.9167,104.7458,80.69,94,40,2.3,mist
190,Sola,VU,-13.8833,167.55,81.36,77,33,24.9,scattered clouds
191,Ponta Delgada,PT,37.7333,-25.6667,67.5,82,40,4.61,scattered clouds
192,Kodiak,US,57.79,-152.4072,47.71,43,0,20.71,clear sky
193,Lavrentiya,RU,65.5833,-171.0,31.05,76,10,4.61,clear sky
194,Sulangan,PH,11.1373,123.7228,82.08,78,100,11.23,overcast clouds
195,Tambovka,RU,50.0969,128.0489,59.72,35,91,18.43,overcast clouds
196,Komsomolskiy,UZ,40.4272,71.7189,74.12,40,94,6.91,overcast clouds
197,Jalu,LY,29.0331,21.5482,67.86,45,1,11.05,clear sky
198,Bloemfontein,ZA,-29.1211,26.214,40.48,87,1,3.44,clear sky
199,Beeville,US,28.4008,-97.7483,91.29,55,100,19.57,overcast clouds
200,Norman Wells,CA,65.282,-126.8329,46.44,31,20,19.57,few clouds
201,Torbay,CA,47.6666,-52.7314,39.76,49,20,5.75,few clouds
202,Clyde River,CA,70.4692,-68.5914,21.43,86,100,26.46,light snow
203,Kutum,SD,14.2,24.6667,78.44,11,2,9.33,clear sky
204,Nantong,CN,32.0303,120.8747,64.0,81,100,1.99,light rain
205,Constitucion,CL,-35.3333,-72.4167,55.2,94,97,9.82,overcast clouds
206,Pemangkat,ID,1.1667,108.9667,77.79,85,97,5.17,overcast clouds
207,Betong,TH,5.7743,101.0723,72.34,99,97,1.79,overcast clouds
208,Maraba,BR,-5.3686,-49.1178,78.98,100,0,0.0,clear sky
209,Csomor,HU,47.55,19.2333,56.59,91,0,3.44,clear sky
210,Srednekolymsk,RU,67.45,153.6833,34.84,92,100,16.8,overcast clouds
211,Manakara,MG,-22.1333,48.0167,70.93,95,13,6.31,light rain
212,Thompson,CA,55.7435,-97.8558,64.56,45,75,4.61,broken clouds
213,Lufkin,US,31.3382,-94.7291,91.83,59,20,18.41,few clouds
214,Florida,US,28.7505,-82.5001,85.98,53,0,6.91,clear sky
215,Tyrma,RU,50.0833,132.1667,58.68,38,24,3.0,few clouds
216,Quatre Cocos,MU,-20.2078,57.7625,73.51,82,27,7.81,light rain
217,Teguldet,RU,57.3064,88.1667,29.98,72,0,3.96,clear sky
218,Nome,US,64.5011,-165.4064,33.17,80,0,18.41,clear sky
219,Sinnamary,GF,5.3833,-52.95,77.32,86,17,9.4,few clouds
220,Kaeo,NZ,-35.1,173.7833,66.33,83,10,9.19,clear sky
221,Kokstad,ZA,-30.5472,29.4241,47.75,93,5,3.4,clear sky
222,Northam,GB,51.0333,-4.2167,57.38,87,100,15.01,overcast clouds
223,Port Macquarie,AU,-31.4333,152.9167,60.89,69,81,5.21,broken clouds
224,Saint George,US,37.1041,-113.5841,70.63,10,0,11.5,clear sky
225,Bykovo,RU,55.6361,38.0803,41.36,75,0,11.18,clear sky
226,Ozark,US,37.0209,-93.206,87.82,65,1,5.01,clear sky
227,Smithers,CA,54.7804,-127.1743,53.92,35,75,9.22,broken clouds
228,Nouakchott,MR,18.0858,-15.9785,67.93,82,97,14.18,overcast clouds
229,Stromness,GB,58.965,-3.296,50.88,89,93,11.01,overcast clouds
230,Sao Filipe,CV,14.8961,-24.4956,71.71,84,24,9.19,few clouds
231,Salinas,US,36.6777,-121.6555,63.57,36,0,16.11,clear sky
232,Naantali,FI,60.4674,22.0243,43.11,75,0,8.05,clear sky
233,Broome,US,42.2506,-75.833,71.98,16,0,9.22,clear sky
234,Jurm,AF,36.8648,70.8342,66.83,48,100,6.15,overcast clouds
235,Najran,SA,17.4924,44.1277,79.45,24,1,3.04,clear sky
236,Souillac,MU,-20.5167,57.5167,73.78,100,40,4.61,scattered clouds
237,Lumeje,AO,-11.55,20.7833,65.35,57,10,6.06,clear sky
238,Gashua,NG,12.871,11.0482,87.35,39,12,8.63,few clouds
239,Skelleftea,SE,64.7507,20.9528,50.0,51,100,9.22,light rain
240,Karratha,AU,-20.7377,116.8463,71.55,32,35,11.77,scattered clouds
241,Tiksi,RU,71.6872,128.8694,15.15,85,83,10.38,broken clouds
242,Pangai,TO,-19.8,-174.35,80.71,50,20,6.91,few clouds
243,Koumac,NC,-20.5667,164.2833,77.9,64,13,6.85,few clouds
244,San Carlos De Bariloche,AR,-41.1456,-71.3082,47.95,57,0,9.22,clear sky
245,Bilma,NE,18.6853,12.9164,90.95,10,1,7.29,clear sky
246,Kawalu,ID,-7.3817,108.2082,74.3,93,97,1.05,overcast clouds
247,Berlevag,NO,70.8578,29.0864,35.4,82,91,1.36,overcast clouds
248,Road Town,VG,18.4167,-64.6167,82.44,78,40,6.91,scattered clouds
249,Birjand,IR,32.8663,59.2211,57.67,33,0,4.61,clear sky
250,Walvis Bay,NA,-22.9575,14.5053,67.15,30,1,5.75,clear sky
251,Kyshtovka,RU,56.555,76.6271,47.41,67,28,4.88,scattered clouds
252,Ahipara,NZ,-35.1667,173.1667,66.02,67,9,11.9,clear sky
253,Suamico,US,44.6319,-88.0393,74.17,46,75,33.38,broken clouds
254,Chuy,UY,-33.6971,-53.4616,60.94,94,97,5.79,overcast clouds
255,La Macarena,CO,2.1837,-73.7849,74.68,94,67,1.32,broken clouds
256,Cam Ranh,VN,11.9214,109.1591,76.96,88,20,2.3,few clouds
257,Benguela,AO,-12.5763,13.4055,75.99,80,0,2.95,clear sky
258,Qaqortoq,GL,60.7167,-46.0333,35.24,86,15,5.19,few clouds
259,Fare,PF,-16.7,-151.0167,82.09,75,5,13.98,clear sky
260,College,US,64.8569,-147.8028,39.52,87,100,14.97,light rain and snow
261,Porto-Vecchio,FR,41.591,9.2795,60.33,100,0,3.44,clear sky
262,Saskylakh,RU,71.9167,114.0833,24.28,95,100,8.66,light snow
263,Mayo,US,38.8876,-76.5119,69.78,34,0,8.05,clear sky
264,Manacapuru,BR,-3.2997,-60.6206,76.6,89,47,5.01,scattered clouds
265,Geraldton,AU,-28.7667,114.6,57.61,94,100,6.91,overcast clouds
266,Korla,CN,41.7597,86.1469,68.04,33,1,9.64,clear sky
267,Coahuayana,MX,18.7333,-103.6833,85.57,51,17,6.46,few clouds
268,Nizhnyaya Omka,RU,55.4338,74.9426,49.24,55,31,6.91,scattered clouds
269,Dickinson,US,29.4608,-95.0513,90.12,75,40,16.11,scattered clouds
270,Bajil,YE,15.0584,43.2851,86.67,60,2,4.63,clear sky
271,Umm Lajj,SA,25.0213,37.2685,83.59,43,98,10.96,overcast clouds
272,Itatuba,BR,-7.375,-35.6283,77.81,86,91,5.46,light rain
273,Matara,LK,5.9485,80.5353,80.94,84,100,13.8,overcast clouds
274,Ribeira Grande,PT,38.5167,-28.7,64.33,78,61,4.16,broken clouds
275,Bombay,IN,19.0144,72.8479,85.98,79,40,5.75,haze
276,Dutlwe,BW,-23.9833,23.9,54.01,36,0,5.14,clear sky
277,Waslala,NI,13.2333,-85.3833,86.27,54,82,4.38,broken clouds
278,San Quintin,MX,30.4833,-115.95,62.71,58,0,24.32,clear sky
279,Ancud,CL,-41.8697,-73.8203,47.14,81,86,4.03,overcast clouds
280,Port-Gentil,GA,-0.7193,8.7815,82.36,83,75,8.05,broken clouds
281,Shingu,JP,33.7333,135.9833,58.86,93,100,8.28,overcast clouds
282,Henties Bay,NA,-22.116,14.2845,63.48,60,0,4.68,clear sky
283,Zyryanka,RU,65.75,150.85,37.27,85,97,15.9,overcast clouds
284,Cao Bang,VN,22.6667,106.25,73.78,98,100,2.3,overcast clouds
285,Maralal,KE,1.0968,36.698,59.79,82,93,5.88,overcast clouds
286,Piacabucu,BR,-10.4056,-36.4344,76.75,76,74,6.85,broken clouds
287,Trinidad,BO,-14.8333,-64.9,84.18,70,40,9.22,scattered clouds
288,Hilo,US,19.7297,-155.09,83.28,58,40,9.22,scattered clouds
289,Dhenkanal,IN,20.6667,85.6,80.08,81,66,4.21,broken clouds
290,Srandakan,ID,-7.9386,110.2506,77.65,88,80,3.51,broken clouds
291,Koungou,YT,-12.7336,45.2042,80.31,83,40,12.66,scattered clouds
292,Mashhad,IR,36.297,59.6062,53.74,94,40,0.0,scattered clouds
293,Udachnyy,RU,66.4167,112.4,25.45,49,83,5.91,broken clouds
294,San Juan,AR,-31.5375,-68.5364,67.93,45,4,3.98,clear sky
295,Cabo San Lucas,MX,22.8909,-109.9124,88.61,35,0,13.8,clear sky
296,Palmerston,AU,-12.486,130.9833,76.98,46,0,10.36,clear sky
297,Tiznit,MA,29.5833,-9.5,78.85,15,96,1.36,overcast clouds
298,San Jeronimo,PE,-11.9472,-75.2829,54.61,73,68,2.59,broken clouds
299,Kieta,PG,-6.2167,155.6333,84.58,73,67,5.41,broken clouds
300,North Bend,US,43.4065,-124.2243,49.15,91,100,5.75,overcast clouds
301,Ambilobe,MG,-13.2,49.05,71.71,93,4,2.98,clear sky
302,Semnan,IR,35.5729,53.3971,60.55,50,9,2.91,clear sky
303,Danilov,RU,58.1908,40.1717,35.85,76,98,8.97,overcast clouds
304,Petropavlovsk-Kamchatskiy,RU,53.0452,158.6483,41.59,87,75,4.47,broken clouds
305,Westport,US,41.1415,-73.3579,67.82,15,75,18.41,broken clouds
306,Riyadh,SA,24.6877,46.7219,75.34,17,0,6.55,clear sky
307,Sitka,US,57.0531,-135.33,55.29,58,20,9.22,few clouds
308,Ponnani,IN,10.767,75.9252,74.52,83,100,13.91,moderate rain
309,Asau,RO,46.4333,26.4,52.95,100,78,1.9,broken clouds
310,Kohat,PK,33.582,71.4493,77.07,24,27,5.06,scattered clouds
311,Ziro,IN,27.6333,93.8333,51.33,94,8,2.24,clear sky
312,Tautira,PF,-17.7333,-149.15,81.0,75,40,12.12,scattered clouds
313,Mersing,MY,2.4312,103.8405,75.11,100,20,1.14,few clouds
314,Hoquiam,US,46.9809,-123.8893,57.96,62,75,11.5,broken clouds
315,Porto Novo,BJ,6.4965,2.6036,84.02,88,82,6.04,moderate rain
316,Hirara,JP,24.8,125.2833,73.67,88,75,5.75,broken clouds
317,Kungurtug,RU,50.5994,97.5228,24.42,66,61,1.39,broken clouds
318,Rawson,AR,-43.3002,-65.1023,57.72,45,58,2.28,broken clouds
319,Wanxian,CN,30.8039,108.3897,69.24,93,42,2.28,scattered clouds
320,Aklavik,CA,68.2191,-135.0107,41.68,68,100,8.66,overcast clouds
321,Nerchinskiy Zavod,RU,51.3088,119.61,38.52,58,38,12.21,scattered clouds
322,Shelburne,CA,44.0787,-80.2041,66.99,64,50,12.53,scattered clouds
323,Lejanias,CO,3.5251,-74.0216,72.66,95,71,0.83,broken clouds
324,Tuktoyaktuk,CA,69.4541,-133.0374,42.8,56,100,9.22,overcast clouds
325,Bengkulu,ID,-3.8004,102.2655,77.49,84,95,2.93,overcast clouds
326,Dorado,PR,18.4588,-66.2677,85.89,86,30,5.66,scattered clouds
327,Kismayo,SO,-0.3582,42.5454,80.91,83,48,13.0,light rain
328,Sassandra,CI,4.95,-6.0833,79.02,84,27,5.75,scattered clouds
329,Muros,ES,42.7762,-9.0603,55.83,83,100,7.18,overcast clouds
330,Provideniya,RU,64.3833,-173.3,33.31,78,23,8.66,few clouds
331,Beaverlodge,CA,55.2166,-119.4361,25.95,75,100,14.27,overcast clouds
332,Ostrovnoy,RU,68.0531,39.5131,32.38,78,7,20.04,clear sky
333,Byron Bay,AU,-28.65,153.6167,69.69,74,92,11.1,moderate rain
334,Bowen,AU,-20.0167,148.2333,76.89,84,95,20.02,light rain
335,Cluses,FR,46.0625,6.575,59.4,88,17,3.49,few clouds
336,Maxixe,MZ,-23.8597,35.3472,67.35,91,51,5.14,light rain
337,Luba,GQ,3.4568,8.5547,75.09,83,96,4.03,light rain
338,Longyearbyen,SJ,78.2186,15.6401,17.44,62,75,11.5,broken clouds
339,Coaldale,CA,49.7167,-112.6185,50.61,40,75,6.91,broken clouds
340,Maneadero,MX,31.7167,-116.5667,63.36,54,0,12.82,clear sky
341,Havre-Saint-Pierre,CA,50.2334,-63.5986,50.36,43,0,6.91,clear sky
342,Aracaju,BR,-10.9111,-37.0717,80.55,74,40,8.05,scattered clouds
343,Tateyama,JP,34.9833,139.8667,62.1,81,100,14.9,overcast clouds
344,Hualmay,PE,-11.0964,-77.6139,65.95,86,26,8.77,scattered clouds
345,Santa Maria,BR,-29.6842,-53.8069,65.5,82,75,2.3,broken clouds
346,Talcahuano,CL,-36.7167,-73.1167,56.88,94,100,9.22,overcast clouds
347,Dunedin,NZ,-45.8742,170.5036,48.79,86,87,1.99,overcast clouds
348,Piuma,BR,-20.8378,-40.7219,68.56,76,40,7.43,scattered clouds
349,Simpang,ID,-1.2667,104.0833,76.59,98,99,2.98,overcast clouds
350,Jumla,NP,29.2747,82.1838,55.69,80,78,1.5,broken clouds
351,Catuday,PH,16.2923,119.8062,81.37,73,1,8.41,clear sky
352,Port Shepstone,ZA,-30.7414,30.455,63.59,81,50,5.19,scattered clouds
353,Chum Phae,TH,16.5443,102.0992,77.36,85,99,2.33,overcast clouds
354,Poum,NC,-20.2333,164.0167,76.48,69,12,10.04,few clouds
355,Vao,NC,-22.6667,167.4833,73.81,70,63,16.11,broken clouds
356,Margate,GB,51.3813,1.3862,61.7,64,100,5.01,overcast clouds
357,Port Blair,IN,11.6667,92.75,82.81,82,100,15.32,overcast clouds
358,Salamina,GR,37.9643,23.4965,63.54,28,0,2.3,clear sky
359,Svetlyy,RU,54.675,20.1347,41.97,72,24,8.03,few clouds
360,Biltine,TD,14.5333,20.9167,86.34,9,9,1.92,clear sky
361,General Roca,AR,-39.0333,-67.5833,60.26,38,35,7.74,scattered clouds
362,Kelso,US,46.1468,-122.9084,52.59,80,100,5.01,light rain
363,Faanui,PF,-16.4833,-151.75,82.15,72,12,12.82,light rain
364,Denpasar,ID,-8.65,115.2167,82.06,88,40,8.05,scattered clouds
365,Rocha,UY,-34.4833,-54.3333,55.24,92,97,2.62,overcast clouds
366,Sistranda,NO,63.7256,8.834,51.76,81,100,8.43,light rain
367,Kenai,US,60.5544,-151.2583,54.03,40,40,19.57,scattered clouds
368,Okha,RU,53.5739,142.9478,33.75,99,100,9.46,overcast clouds
369,Kijang,KR,35.2442,129.2139,56.93,61,100,14.76,overcast clouds
370,Parana,AR,-31.732,-60.5238,65.55,69,100,5.91,overcast clouds
371,Beringovskiy,RU,63.05,179.3167,36.55,72,14,6.22,few clouds
372,Acari,PE,-15.4311,-74.6158,69.13,75,28,4.97,scattered clouds
373,Gazanjyk,TM,39.2446,55.5154,59.74,50,2,5.17,clear sky
374,Coquimbo,CL,-29.9533,-71.3436,62.33,67,0,6.91,clear sky
375,Cairns,AU,-16.9167,145.7667,79.07,91,100,12.66,light intensity shower rain
376,Chapais,CA,49.7834,-74.8492,65.98,63,98,6.17,overcast clouds
377,Deputatskiy,RU,69.3,139.9,13.28,80,97,7.16,overcast clouds
378,Dondo,MZ,-19.6094,34.7431,71.11,91,0,3.38,clear sky
379,Toba,JP,34.4833,136.85,57.2,92,100,1.01,overcast clouds
380,Ludvika,SE,60.1496,15.1878,51.6,61,77,10.49,broken clouds
381,Basco,PH,20.4487,121.9702,83.01,72,25,15.61,scattered clouds
382,Hami,CN,42.8,93.45,59.79,14,0,16.31,clear sky
383,Gizo,SB,-8.103,156.8419,84.18,74,94,7.56,light rain
384,Vila Franca Do Campo,PT,37.7167,-25.4333,67.19,82,1,3.98,clear sky
385,Kruisfontein,ZA,-34.0033,24.7314,54.5,72,46,4.56,scattered clouds
386,Fallon,US,39.4735,-118.7774,49.87,30,75,5.75,broken clouds
387,Amuntai,ID,-2.4177,115.2494,73.06,97,100,2.21,light rain
388,Meulaboh,ID,4.1363,96.1285,77.47,89,98,4.68,overcast clouds
389,Faya,SA,18.3851,42.4509,68.52,47,41,0.49,scattered clouds
390,Mizdah,LY,31.4451,12.9801,61.47,60,57,5.26,broken clouds
391,Zhigansk,RU,66.7697,123.3711,17.51,87,13,8.79,few clouds
392,Palana,RU,59.1167,159.9667,37.35,81,100,12.86,overcast clouds
393,Vryburg,ZA,-26.9566,24.7284,52.7,48,0,4.68,clear sky
394,Lons-Le-Saunier,FR,46.75,5.75,53.19,92,0,4.25,clear sky
395,Provost,CA,52.3501,-110.2683,61.25,36,76,11.5,broken clouds
396,Esperance,AU,-33.8667,121.9,55.24,43,58,15.86,broken clouds
397,Merauke,ID,-8.4667,140.3333,80.87,89,87,8.61,light rain
398,Artesia,US,33.8658,-118.0831,73.87,50,0,13.8,clear sky
399,Padang,ID,-0.9492,100.3543,79.09,84,94,3.42,overcast clouds
400,Bundaberg,AU,-24.85,152.35,69.22,99,75,12.66,broken clouds
401,Sibolga,ID,1.7427,98.7792,78.06,88,98,2.48,overcast clouds
402,Hovd,MN,48.0056,91.6419,34.47,32,0,2.82,clear sky
403,Liberal,US,37.0431,-100.921,97.84,6,0,31.07,clear sky
404,Svetlogorsk,BY,52.6333,29.7333,39.25,67,13,5.08,few clouds
405,Alamos,MX,27.0167,-108.9333,94.12,16,0,9.86,clear sky
406,Nanortalik,GL,60.1432,-45.2371,35.2,87,27,5.77,scattered clouds
407,Takikawa,JP,43.5528,141.9064,55.62,46,7,9.71,clear sky
408,Boa Viagem,BR,-5.1275,-39.7322,77.79,53,51,2.64,broken clouds
409,Yerbogachen,RU,61.2767,108.0108,30.51,72,70,2.98,broken clouds
410,Belmonte,BR,-15.8631,-38.8828,74.37,82,6,11.74,clear sky
411,Jutai,BR,-5.1833,-68.9,74.71,97,74,2.53,broken clouds
412,Marinha Grande,PT,39.7477,-8.9323,58.89,92,100,8.05,overcast clouds
413,Keningau,MY,5.3378,116.1602,73.56,99,100,1.14,overcast clouds
414,Koyelga,RU,54.6522,60.9049,50.7,43,98,13.0,overcast clouds
415,Vila Velha,BR,-20.3297,-40.2925,73.35,68,0,9.22,clear sky
416,Lake City,US,30.1897,-82.6393,77.63,53,75,5.75,broken clouds
417,Pingliang,CN,35.5392,106.6861,51.58,81,84,4.7,broken clouds
418,Luanda,AO,-8.8368,13.2343,77.0,88,75,6.91,broken clouds
419,Tiarei,PF,-17.5333,-149.3333,86.02,75,12,12.77,few clouds
420,Slave Lake,CA,55.2834,-114.769,31.98,74,100,13.8,overcast clouds
421,Alofi,NU,-19.0595,-169.9187,80.49,69,75,9.22,broken clouds
422,Hamilton,US,39.1834,-84.5333,77.63,45,0,17.27,clear sky
423,Egvekinot,RU,66.3167,-179.1667,23.09,88,77,4.5,broken clouds
424,High Level,CA,58.5169,-117.136,26.71,80,100,12.66,light snow
425,Palauig,PH,15.435,119.9045,83.89,63,3,1.14,clear sky
426,Nemuro,JP,43.3236,145.575,47.44,67,61,22.91,broken clouds
427,Luwuk,ID,-0.9516,122.7875,79.88,81,100,2.86,overcast clouds
428,Kinston,US,35.2627,-77.5816,69.91,40,0,11.5,clear sky
429,Canchungo,GW,12.0672,-16.0333,74.3,77,77,2.46,light rain
430,Pangkalanbuun,ID,-2.6833,111.6167,74.21,96,92,2.13,light rain
431,Necochea,AR,-38.5473,-58.7368,50.76,76,18,9.6,few clouds
432,Lhokseumawe,ID,5.1801,97.1507,78.69,87,100,3.31,overcast clouds
433,Bako,ET,5.7833,36.5667,63.48,85,87,4.14,overcast clouds
434,Caceres,ES,39.522,-6.3748,67.89,42,82,0.56,broken clouds
435,Adrar,MR,20.5022,-10.0711,86.58,9,69,11.59,broken clouds
436,La Ronge,CA,55.1001,-105.2842,59.22,23,40,4.61,scattered clouds
437,Sur,OM,22.5667,59.5289,86.83,47,0,7.0,clear sky
438,Port Hardy,CA,50.6996,-127.4199,51.8,81,75,8.05,light intensity shower rain
439,Paldiski,EE,59.3567,24.0531,45.91,60,0,5.75,clear sky
440,Stuttgart,DE,48.7823,9.177,58.05,86,0,1.14,clear sky
441,Trincomalee,LK,8.5711,81.2335,82.99,78,100,22.86,overcast clouds
442,Guantanamo,CU,20.1444,-75.2092,83.77,70,4,4.05,clear sky
443,Krasnokholmskiy,RU,55.9873,55.0466,52.41,49,100,12.91,overcast clouds
444,Rockport,US,28.0206,-97.0544,89.64,82,0,21.85,clear sky
445,Presidencia Roque Saenz Pena,AR,-26.7852,-60.4388,60.49,98,100,3.94,overcast clouds
446,Innisfail,AU,-17.5333,146.0333,75.79,92,100,10.31,light rain
447,Sotouboua,TG,8.5667,0.9833,73.71,92,100,3.15,moderate rain
448,Phan Thiet,VN,10.9333,108.1,78.71,84,100,4.56,overcast clouds
449,Chifeng,CN,42.2683,118.9636,51.67,50,14,7.25,few clouds
450,Turukhansk,RU,65.8167,87.9833,32.36,84,99,14.0,overcast clouds
451,Pochutla,MX,15.7432,-96.4661,88.83,59,100,6.15,overcast clouds
452,Chumikan,RU,54.7183,135.315,33.55,83,37,9.37,scattered clouds
453,Taltal,CL,-25.4,-70.4833,64.13,70,10,1.45,clear sky
454,Kuzino,RU,57.0224,59.4412,44.69,58,99,5.97,overcast clouds
455,Fort-Shevchenko,KZ,44.5086,50.263,56.1,80,100,30.94,light rain
456,Kristiansund,NO,63.1115,7.732,50.05,76,100,3.44,overcast clouds
457,Itarema,BR,-2.9248,-39.9167,75.72,94,100,5.91,overcast clouds
458,Asosa,ET,10.0667,34.5333,64.45,78,100,4.5,overcast clouds
459,Saint-Georges,GD,12.0564,-61.7485,82.08,74,20,32.21,few clouds
460,Nadvoitsy,RU,63.8667,34.3167,32.81,85,21,5.66,few clouds
461,Allapalli,IN,19.4167,80.0667,88.23,39,100,2.82,overcast clouds
462,Daura,NG,11.5538,11.4085,84.69,49,100,11.86,overcast clouds
463,Biak,ID,-0.9131,122.8766,78.48,80,100,3.65,overcast clouds
464,Teguise,ES,29.0605,-13.564,70.02,53,0,14.97,clear sky
465,Grindavik,IS,63.8424,-22.4338,46.35,81,20,14.97,few clouds
466,Nosivka,UA,50.9315,31.5828,40.12,63,7,6.35,clear sky
467,Conceicao Do Araguaia,BR,-8.2578,-49.2647,75.67,61,2,1.28,clear sky
468,Alta Floresta,BR,-9.8756,-56.0861,75.25,76,33,2.21,scattered clouds
469,Katherine,AU,-14.4667,132.2667,77.32,31,0,11.5,clear sky
470,Pacific Grove,US,36.6177,-121.9166,62.28,55,20,16.11,few clouds
471,Progreso,MX,21.2833,-89.6667,102.31,75,6,20.11,clear sky
472,Boyolangu,ID,-8.1181,111.8935,76.5,91,98,0.74,overcast clouds
473,Nabire,ID,-3.3667,135.4833,77.07,94,100,1.14,moderate rain
474,Pangnirtung,CA,66.1451,-65.7125,24.8,86,75,18.41,broken clouds
475,Novouzensk,RU,50.4592,48.1431,52.03,57,100,17.92,overcast clouds
476,Surgut,RU,61.25,73.4167,42.98,75,0,4.47,clear sky
477,San Policarpo,PH,12.1791,125.5072,81.03,83,100,10.47,overcast clouds
478,Chivay,PE,-15.6383,-71.6011,50.31,52,15,7.72,few clouds
479,Saravan,AM,39.7196,45.6483,41.5,93,100,1.66,overcast clouds
480,Huarmey,PE,-10.0681,-78.1522,67.17,83,3,8.81,clear sky
481,Fairbanks,US,64.8378,-147.7164,39.54,87,100,14.97,light rain
482,San Joaquin,US,37.9333,-121.3011,66.27,29,75,16.11,broken clouds
483,Fiumicino,IT,41.7675,12.2291,62.78,81,20,6.91,few clouds
484,Dhidhdhoo,MV,6.8833,73.1,85.23,72,100,19.89,overcast clouds
485,Arriaga,MX,16.2333,-93.9,86.92,70,100,8.03,overcast clouds
486,Sorland,NO,67.667,12.6934,42.66,92,100,30.76,light rain
487,Opuwo,NA,-18.0607,13.84,63.1,38,0,3.74,clear sky
488,Salo,IT,45.6086,10.531,63.79,76,66,5.3,broken clouds
489,Tromso,NO,69.6496,18.957,37.42,87,75,8.05,light rain
490,Sioux Lookout,CA,50.1001,-91.917,53.67,71,100,12.66,overcast clouds
491,Half Moon Bay,US,37.4636,-122.4286,63.18,53,20,14.97,few clouds
492,Hervey Bay,AU,-25.2986,152.8535,69.03,96,96,1.01,moderate rain
493,Derzhavinsk,KZ,51.1,66.3167,57.94,37,100,16.89,overcast clouds
494,Sergeyevka,KZ,53.88,67.4158,53.37,44,88,13.58,overcast clouds
495,Culebra,PR,18.303,-65.301,84.24,90,2,5.01,clear sky
496,Iraray,PH,8.9936,118.0511,81.14,80,100,2.73,overcast clouds
497,Camargo,MX,27.6667,-105.1667,96.31,6,15,7.49,few clouds
498,Nizhniy Kuranakh,RU,58.8353,125.4869,28.31,96,100,11.72,snow
499,Bani,DO,18.2833,-70.3333,85.44,78,1,6.44,clear sky
500,Saurimo,AO,-9.6608,20.3916,72.18,52,79,4.23,broken clouds
501,Tagbac,PH,7.089,125.1567,75.16,91,100,1.19,overcast clouds
502,Nalut,LY,30.3333,10.85,65.21,50,4,17.02,clear sky
503,Arman,RU,59.7,150.1667,37.02,99,100,2.15,light rain
504,Narsaq,GL,60.9167,-46.05,48.42,83,9,3.78,clear sky
505,Kolokani,ML,13.5728,-8.0339,91.4,11,75,6.87,broken clouds
506,Honningsvag,NO,70.9821,25.9704,33.55,86,100,5.75,overcast clouds
507,Maragheh,IR,37.3917,46.2398,48.49,67,51,2.8,broken clouds
508,Rincon,US,32.296,-81.2354,75.16,40,0,11.5,clear sky
509,Chattanooga,US,35.0456,-85.3097,78.08,55,20,3.44,few clouds
510,Moree,AU,-29.4667,149.85,55.42,71,96,5.75,overcast clouds
511,Labuhan,ID,-6.8844,112.2051,79.32,89,100,6.69,overcast clouds
512,Port Hedland,AU,-20.3167,118.5667,64.45,34,27,5.75,scattered clouds
513,Midland,US,31.9974,-102.0779,101.07,3,0,24.16,clear sky
514,Dezful,IR,32.3811,48.4058,71.4,24,0,2.06,clear sky
515,Wagar,SD,16.1525,36.2032,84.81,21,15,15.55,few clouds
516,Viedma,AR,-40.8135,-62.9967,54.14,69,73,12.26,broken clouds
517,Upernavik,GL,72.7868,-56.1549,26.08,96,100,4.99,light snow
518,Semey,KZ,50.4111,80.2275,45.77,46,0,11.36,clear sky
519,Puerto Palomas,MX,31.7667,-107.6167,87.96,7,0,24.47,clear sky
520,Lahaina,US,20.8783,-156.6825,89.6,75,73,9.01,broken clouds
521,Kansanshi,ZM,-12.0951,26.4273,60.98,72,72,2.68,broken clouds
522,Thinadhoo,MV,0.5333,72.9333,84.49,77,25,21.59,scattered clouds
523,Pangody,RU,65.85,74.4859,34.48,100,100,10.04,overcast clouds
524,Sao Joao Da Barra,BR,-21.6403,-41.0511,68.54,75,13,10.83,few clouds
525,Emilio Carranza,MX,19.9711,-96.6114,88.0,68,14,10.98,few clouds
526,Salinopolis,BR,-0.6136,-47.3561,75.56,93,100,1.39,moderate rain
527,Esna,EG,25.2934,32.554,84.22,13,82,18.45,broken clouds
528,Ketchikan,US,55.3422,-131.6461,61.27,39,0,9.22,clear sky
529,Coihaique,CL,-45.5752,-72.0662,48.15,61,75,3.44,broken clouds
530,Copiapo,CL,-27.3667,-70.3333,58.69,43,0,0.83,clear sky
531,Leningradskiy,RU,69.3833,178.4167,27.12,79,49,8.57,scattered clouds
532,Mandalgovi,MN,45.7625,106.2708,34.11,41,100,14.36,overcast clouds
533,Vavatenina,MG,-17.4667,49.2,71.17,95,85,1.99,overcast clouds
534,Portage,US,41.1667,-81.1998,74.98,17,0,9.22,clear sky
535,Skibbereen,IE,51.55,-9.2667,54.1,85,100,16.98,overcast clouds
536,Leeuwarden,NL,53.2014,5.8086,57.2,78,100,4.61,overcast clouds
537,Los Pozos,VE,8.4518,-62.7268,87.04,68,77,9.42,broken clouds
538,Rio Grande,BR,-32.035,-52.0986,59.95,84,42,8.84,scattered clouds
539,Teya,RU,60.3778,92.6267,24.6,92,62,0.27,broken clouds
540,Pavlivka,UA,49.4414,28.4596,42.78,73,15,7.23,few clouds
541,Amapa,BR,1.0,-52.0,72.27,99,100,1.92,heavy intensity rain
542,Puerto Baquerizo Moreno,EC,-0.9,-89.6,77.99,73,40,12.66,scattered clouds
543,Olafsvik,IS,64.8945,-23.7142,39.22,84,100,21.16,overcast clouds
544,Nauta,PE,-4.5061,-73.5757,76.01,95,54,1.9,broken clouds
545,Lazaro Cardenas,MX,17.9583,-102.2,82.04,59,17,9.89,few clouds
546,Mangan,IN,27.5167,88.5333,70.92,80,93,2.24,overcast clouds
547,Ha Tinh,VN,18.3333,105.9,75.58,93,17,1.5,few clouds
548,Krasnyy Chikoy,RU,50.3643,108.7512,29.01,71,88,12.91,overcast clouds
549,Male,MV,4.1748,73.5089,85.95,84,75,24.16,broken clouds
550,Siyabuswa,ZA,-25.1132,29.0445,60.22,54,0,4.03,clear sky
551,Vanavara,RU,60.34,102.2797,30.67,73,44,3.27,scattered clouds
552,Duyun,CN,26.2667,107.5167,63.36,92,93,2.26,overcast clouds
553,Tilichiki,RU,60.4667,166.1,35.38,93,100,6.17,overcast clouds
554,Toora-Khem,RU,52.4675,96.11,27.1,54,79,2.04,broken clouds
555,Polunochnoye,RU,60.8697,60.4153,44.29,72,18,2.84,few clouds
556,Horta,PT,38.5333,-28.6333,63.81,78,55,4.12,broken clouds
557,Tome,CL,-36.6167,-72.95,56.01,94,84,3.38,broken clouds
558,Gornopravdinsk,RU,60.05,69.9,45.77,74,11,5.08,few clouds
559,Tocopilla,CL,-22.092,-70.1979,65.39,71,6,6.29,clear sky
560,Algodones,MX,20.3888,-105.4773,78.22,54,10,7.0,clear sky
561,Buraydah,SA,26.326,43.975,77.45,14,6,9.82,clear sky
562,Mackay,AU,-21.15,149.2,75.18,88,100,16.11,overcast clouds
563,Ozinki,RU,51.1786,49.6769,49.44,80,100,13.24,overcast clouds
564,Genhe,CN,50.7833,121.5167,41.27,61,57,13.58,broken clouds
565,Port Lincoln,AU,-34.7333,135.8667,60.35,67,0,5.32,clear sky
566,Eureka,US,40.8021,-124.1637,54.25,67,95,7.0,overcast clouds
567,Vardo,NO,70.3705,31.1107,35.58,93,100,11.5,overcast clouds
568,Acapulco,MX,16.8634,-99.8901,84.69,61,38,9.33,scattered clouds
569,Praia Da Vitoria,PT,38.7333,-27.0667,64.65,88,75,1.72,broken clouds
570,Inhambane,MZ,-23.865,35.3833,68.23,89,54,5.53,light rain
571,Koppal,IN,15.35,76.15,79.07,72,100,16.89,overcast clouds
572,Yaan,NG,7.3833,8.5667,79.38,81,100,3.6,light rain
573,Port Augusta,AU,-32.5,137.7667,55.65,54,100,5.66,overcast clouds
574,Paamiut,GL,61.994,-49.6678,30.92,86,64,6.53,broken clouds
575,Atar,MR,20.5169,-13.0499,95.11,16,100,3.91,overcast clouds
576,Linguere,SN,15.3953,-15.1193,89.82,55,0,4.61,clear sky
577,Winslow,US,35.0242,-110.6974,78.98,9,0,32.21,clear sky
578,Berea,US,41.3662,-81.8543,76.08,45,75,13.8,broken clouds
579,Rexburg,US,43.826,-111.7897,44.42,33,75,24.16,broken clouds
580,Khovu-Aksy,RU,51.1333,93.6,30.85,47,68,2.66,broken clouds
581,Santa Rosalia,MX,27.3167,-112.2833,81.32,28,0,3.06,clear sky
582,Baruun-Urt,MN,46.6806,113.2792,33.96,33,100,14.45,overcast clouds
583,Brandon,US,27.9378,-82.2859,87.87,62,0,11.5,clear sky
584,Czersk,PL,53.7959,17.9765,42.3,68,38,5.19,scattered clouds
585,Panjab,AF,34.388,67.0233,53.37,43,0,4.36,clear sky
586,Nagar,IN,27.4333,77.1,87.6,32,3,6.69,clear sky
587,Sorong,ID,-0.8833,131.25,77.56,89,100,9.66,moderate rain
588,Bathsheba,BB,13.2167,-59.5167,81.21,74,20,11.5,few clouds
589,Fengzhen,CN,40.4394,113.1536,51.96,72,18,5.75,few clouds
590,Port Keats,AU,-14.25,129.55,75.15,45,59,12.28,broken clouds
591,Pleszew,PL,51.8964,17.7855,45.91,69,13,7.78,few clouds
592,Chichimila,MX,20.6167,-88.2167,94.51,37,14,9.33,few clouds
593,Strezhevoy,RU,60.7333,77.5889,44.26,88,60,4.29,broken clouds
594,Manta,EC,-0.95,-80.7333,80.38,78,20,11.5,few clouds
595,Shubarkuduk,KZ,49.1447,56.4872,50.92,92,100,15.77,overcast clouds
596,Gorontalo,ID,0.5412,123.0595,78.53,93,98,0.47,overcast clouds
597,Cooma,AU,-36.2333,149.1333,47.97,100,100,4.61,overcast clouds
598,Tazovskiy,RU,67.4667,78.7,33.93,100,100,9.51,overcast clouds
599,Waddan,LY,29.1614,16.139,66.72,49,36,16.91,scattered clouds
600,Cheremukhovo,RU,60.3484,59.9851,44.91,66,53,1.48,broken clouds
601,Maracaju,BR,-21.6144,-55.1683,71.42,60,5,5.46,clear sky
602,Barra Do Garcas,BR,-15.89,-52.2567,79.63,50,27,2.06,scattered clouds
603,Altay,CN,47.8667,88.1167,44.91,25,3,6.4,clear sky
604,Tabuk,PH,17.4189,121.4443,77.59,78,4,4.83,clear sky
605,Erenhot,CN,43.6475,111.9767,45.18,78,100,14.05,moderate rain
606,Ales,FR,44.1333,4.0833,60.69,69,21,3.87,few clouds
607,Lang Suan,TH,9.9456,99.0785,78.84,90,100,3.87,light rain
608,Ust-Kuyga,RU,70.0167,135.6,16.03,80,84,3.44,broken clouds
609,Charleston,US,32.7766,-79.9309,74.08,50,0,13.8,clear sky
610,Petrivka,UA,46.9695,30.9591,53.31,62,93,12.97,overcast clouds
611,Chany,RU,55.3121,76.7647,46.8,63,3,7.45,clear sky
612,Bandiagara,ML,14.3501,-3.6104,87.78,7,50,9.62,scattered clouds
613,Tadine,NC,-21.55,167.8833,76.17,65,98,14.0,overcast clouds
614,Verona,IT,45.4167,11.0333,64.45,82,15,4.61,few clouds
615,Padampur,IN,29.6833,73.6167,90.34,18,2,8.19,clear sky
616,Briancon,FR,44.9,6.65,50.61,91,29,1.19,scattered clouds
617,Suleja,NG,9.1758,7.1808,76.19,77,100,2.06,overcast clouds
618,Novhorodka,UA,48.3651,32.6578,43.7,67,8,7.85,clear sky
619,Sabang,ID,5.8933,95.3214,84.25,75,99,17.34,overcast clouds
620,Eyl,SO,7.9803,49.8164,83.28,83,83,11.03,light rain
621,Raipur,IN,21.2333,81.6333,83.05,57,10,9.44,clear sky
622,Namibe,AO,-15.1961,12.1522,74.16,54,0,5.41,clear sky
623,Isabela,PH,6.7085,121.9711,77.05,85,99,5.21,overcast clouds
624,Sapa,PH,5.1544,120.3241,81.34,79,100,3.13,heavy intensity rain
625,Savannah Bight,HN,16.45,-85.85,82.51,82,84,23.94,broken clouds
626,Bay Roberts,CA,47.5999,-53.2648,41.05,49,24,4.0,few clouds
627,Yarkovo,RU,57.4028,67.0786,50.0,47,64,5.57,broken clouds
628,Sikonge,TZ,-5.6333,32.7667,66.99,68,36,3.02,scattered clouds
629,Garissa,KE,-0.4536,39.6401,77.81,79,44,13.94,scattered clouds
630,Surman,LY,32.7567,12.5716,64.54,66,59,7.56,broken clouds
631,Nizwa,OM,22.9333,57.5333,81.9,21,0,2.21,clear sky
632,Pedreiras,BR,-4.5688,-44.6003,73.35,91,81,0.2,broken clouds
633,Iisalmi,FI,63.5592,27.1907,36.77,84,86,7.36,overcast clouds
634,Kodinsk,RU,58.6881,99.1844,30.07,54,50,2.19,scattered clouds
635,High Rock,BS,26.6208,-78.2833,77.02,66,69,17.07,broken clouds
636,Hoshiarpur,IN,31.5322,75.9172,81.36,29,0,7.16,clear sky
637,Kedrovyy,RU,56.1667,91.8167,30.87,76,77,3.31,broken clouds
638,Beloha,MG,-25.1667,45.05,66.09,94,26,6.62,scattered clouds
639,San Pedro,PH,14.35,121.0167,84.25,70,40,4.61,scattered clouds
640,Aleksandrov Gay,RU,50.147,48.5704,53.38,55,100,14.29,overcast clouds
641,Agua Verde,MX,22.9,-106.05,79.81,61,3,10.07,clear sky
642,Bayshore Gardens,US,27.4253,-82.5904,87.06,50,40,12.66,scattered clouds
643,Cheremkhovo,RU,53.1561,103.0675,33.13,46,100,7.78,overcast clouds
644,Seoul,KR,37.5683,126.9778,60.24,70,0,3.44,clear sky
645,Jiangdu,CN,32.4286,119.5574,57.88,83,100,8.72,overcast clouds
646,Bondoukou,CI,8.0333,-2.8,74.52,88,88,1.16,overcast clouds
647,Kytmanovo,RU,53.4593,85.4479,37.63,51,0,5.3,clear sky
648,Sokoto,NG,13.0609,5.239,93.65,30,86,9.53,overcast clouds
649,Oum Hadjer,TD,13.2954,19.6966,93.65,8,1,5.95,clear sky
650,Monte Alegre,BR,-2.0078,-54.0692,75.04,93,79,1.79,broken clouds
651,Ilam,NP,26.9167,87.9167,66.38,87,100,3.24,overcast clouds
652,Chai Badan,TH,15.2,101.1333,79.63,83,95,1.25,overcast clouds
653,Mitsamiouli,KM,-11.3847,43.2844,80.64,78,34,8.9,light rain
654,Quesada,CR,10.3238,-84.4271,75.61,83,73,2.21,broken clouds
655,Balkhash,KZ,46.844,74.9804,54.21,42,92,22.66,overcast clouds
656,Jining,CN,35.405,116.5814,52.56,81,60,2.3,broken clouds
657,Tunceli,TR,39.1083,39.5471,50.76,74,77,3.69,broken clouds
658,Surt,LY,31.2089,16.5887,64.9,76,41,8.43,scattered clouds
659,Ordzhonikidze,KZ,52.4411,61.7408,54.59,47,98,12.8,light rain
660,Stamford,US,41.0534,-73.5387,69.35,11,0,14.97,clear sky
661,Jasper,US,37.2001,-94.3502,87.24,62,59,8.99,broken clouds
662,Goleniow,PL,53.5639,14.8285,52.61,50,0,10.36,clear sky
663,Urumqi,CN,43.801,87.6005,54.55,30,0,6.71,clear sky
664,Mawlaik,MM,23.6333,94.4167,75.24,93,100,1.66,overcast clouds
665,Belaya Gora,RU,68.5333,146.4167,24.87,77,99,17.56,overcast clouds
666,Khorixas,NA,-20.3667,14.9667,66.99,30,0,0.92,clear sky
667,Asfi,MA,32.2994,-9.2372,68.2,65,2,9.69,clear sky
668,Iquique,CL,-20.2208,-70.1431,62.64,81,7,5.35,clear sky
669,Ayame,CI,5.6083,-3.1563,75.67,94,87,1.74,overcast clouds
670,Salmon Arm,CA,50.6998,-119.3024,56.52,58,100,4.61,overcast clouds
671,Zhaotong,CN,27.3167,103.7167,53.04,87,100,4.27,overcast clouds
672,Partizanskoye,RU,55.5006,94.39,29.46,90,100,4.74,snow
673,Sechura,PE,-5.5569,-80.8222,70.5,71,82,17.18,broken clouds
674,Bentiu,SS,9.2333,29.8333,82.69,61,95,5.73,overcast clouds
675,Aswan,EG,24.0934,32.907,88.9,14,0,10.36,clear sky
